"09594: Land use and land cover (km²), by region, contents, year and area classification"

"region";"Area 2021 Residential areas";"Area 2021 Recreational facilities";"Area 2021 Built-up areas for agriculture and fishing";"Area 2021 Industrial, commercial and service areas";"Area 2021 Education and day care facilities";"Area 2021 Health and social welfare institutions";"Area 2021 Cultural and religious activities";"Area 2021 Transport, telecommunications and technical infrastructure";"Area 2021 Emergency and defence services";"Area 2021 Green areas and sports facilities";"Area 2021 Unclassified built-up areas and related land";"Area 2021 Agricultural land";"Area 2021 Forest";"Area 2021 Open firm ground";"Area 2021 Wetland";"Area 2021 Bare rock, gravel and blockfields";"Area 2021 Permanent snow and glaciers";"Area 2021 Inland waters";"Area 2021 Unclassified undeveloped areas"
"3001 Halden";9.61;1.85;2.51;2.89;0.29;0.21;0.22;11.45;0.03;0.84;1.51;61.55;480.39;2.88;16.21;1.30;0.00;48.71;0.00
"3002 Moss";10.41;1.86;1.59;3.92;0.32;0.21;0.14;7.70;0.26;1.57;1.42;33.60;60.03;4.09;0.21;0.48;0.00;10.11;0.00
"3003 Sarpsborg";13.98;2.95;3.49;4.39;0.48;0.28;0.19;12.20;0.01;1.87;1.52;78.12;241.20;8.22;1.70;1.55;0.00;33.47;0.00
"3004 Fredrikstad";19.91;5.14;3.05;6.24;0.62;0.36;0.26;11.85;0.27;2.84;2.49;67.39;138.60;8.91;0.23;15.41;0.00;8.59;0.00
"3005 Drammen";18.35;1.17;1.26;4.59;0.63;0.35;0.23;11.60;0.01;3.41;2.54;26.01;225.58;2.59;5.00;1.17;0.00;13.19;0.00
"3006 Kongsberg";7.68;2.23;2.38;2.23;0.36;0.11;0.15;11.76;0.35;1.86;1.40;40.17;616.43;15.40;32.09;18.85;0.00;39.65;0.00
"3007 Ringerike";11.00;3.99;4.18;5.19;0.37;0.29;0.11;21.43;0.36;1.27;2.12;77.73;1190.86;47.93;50.78;3.21;0.00;134.27;0.00
"3011 Hvaler";2.31;5.79;0.65;0.34;0.04;0.02;0.03;1.96;0.00;0.29;0.19;4.76;34.03;5.65;0.16;33.54;0.00;0.21;0.00
"3012 Aremark";0.64;0.73;0.80;0.31;0.02;0.01;0.03;3.35;0.00;0.16;0.14;20.86;245.44;0.94;7.24;0.02;0.00;38.57;0.00
"3013 Marker";1.38;0.58;1.68;0.52;0.03;0.02;0.05;5.38;0.01;0.14;0.34;40.01;304.58;1.71;10.49;0.04;0.00;45.95;0.00
"3014 Indre Østfold";13.26;1.42;8.58;4.45;0.45;0.23;0.22;17.05;0.03;2.44;2.13;235.68;451.14;8.81;7.46;0.11;0.00;38.33;0.00
"3015 Skiptvet";1.31;0.41;1.33;0.33;0.04;0.03;0.02;1.92;0.00;0.09;0.23;32.57;53.75;0.75;0.20;0.01;0.00;8.19;0.00
"3016 Rakkestad";2.95;0.29;3.52;1.23;0.09;0.04;0.07;6.68;0.00;0.85;0.64;109.71;282.96;3.23;7.96;0.01;0.00;14.64;0.00
"3017 Råde";2.67;1.19;1.62;1.28;0.09;0.03;0.03;4.01;0.24;0.21;0.34;35.31;53.54;3.57;0.41;1.02;0.00;13.27;0.00
"3018 Våler (Viken)";1.93;0.42;1.41;0.29;0.06;0.03;0.02;3.35;0.01;0.29;0.41;34.96;192.11;2.06;1.58;0.02;0.00;18.02;0.00
"3019 Vestby";4.30;2.02;1.35;2.61;0.19;0.06;0.03;5.02;0.00;0.68;0.91;34.88;77.37;3.52;0.12;0.23;0.00;0.68;0.00
"3020 Nordre Follo";11.79;0.52;1.49;2.58;0.47;0.16;0.10;8.09;0.22;1.81;1.33;38.93;124.24;3.21;0.95;0.07;0.00;7.02;0.00
"3021 Ås";4.68;0.57;1.38;1.38;0.54;0.09;0.06;4.36;0.01;0.56;0.74;37.71;46.05;2.28;0.21;0.02;0.00;2.06;0.00
"3022 Frogn";3.60;4.12;0.73;0.42;0.11;0.04;0.05;3.14;0.11;0.70;0.52;15.30;54.27;1.21;0.11;0.13;0.00;1.17;0.00
"3023 Nesodden";5.70;1.68;0.49;0.53;0.17;0.08;0.06;2.57;0.01;0.25;0.64;5.03;42.22;0.83;0.21;0.20;0.00;0.81;0.00
"3024 Bærum";22.83;0.83;1.09;3.41;1.08;0.38;0.18;10.12;0.21;4.47;2.63;14.39;120.58;4.96;0.67;0.25;0.00;4.20;0.00
"3025 Asker";25.10;4.51;2.42;4.44;0.90;0.43;0.20;13.79;0.04;2.71;4.14;40.64;254.82;5.08;1.58;2.49;0.00;13.43;0.00
"3026 Aurskog-Høland";7.36;1.47;3.81;1.91;0.18;0.08;0.08;13.67;0.01;1.15;1.16;104.14;857.40;4.81;53.65;0.04;0.00;93.88;0.00
"3027 Rælingen";3.31;0.13;0.16;0.19;0.14;0.03;0.03;1.66;0.05;0.35;0.46;6.26;42.49;0.97;0.44;0.01;0.00;15.01;0.00
"3028 Enebakk";3.23;1.02;1.08;0.97;0.10;0.03;0.03;3.19;0.01;0.65;0.51;30.36;150.51;1.46;1.81;0.08;0.00;37.54;0.00
"3029 Lørenskog";5.76;0.02;0.30;1.51;0.33;0.20;0.05;3.11;0.03;1.44;0.78;5.86;46.40;1.05;0.23;0.02;0.00;3.45;0.00
"3030 Lillestrøm";15.38;0.69;4.10;6.03;0.72;0.25;0.19;13.83;0.31;2.11;1.73;117.74;235.65;8.44;2.98;0.14;0.00;46.32;0.00
"3031 Nittedal";5.24;0.53;0.81;1.57;0.25;0.05;0.05;4.23;0.00;1.96;0.70;17.06;141.42;1.41;3.53;0.11;0.00;7.31;0.00
"3032 Gjerdrum";1.92;0.06;0.60;0.16;0.06;0.01;0.02;1.43;0.00;0.47;0.23;26.21;47.59;0.61;2.68;0.01;0.00;1.15;0.00
"3033 Ullensaker";7.53;0.10;2.66;5.18;0.41;0.21;0.09;18.48;0.85;1.75;1.48;88.50;117.12;4.15;1.11;0.00;0.00;2.83;0.00
"3034 Nes";7.49;0.66;4.79;1.46;0.28;0.07;0.07;9.76;0.00;1.62;1.47;141.56;418.69;3.54;20.15;0.01;0.00;29.16;0.00
"3035 Eidsvoll";8.37;0.67;2.72;1.78;0.26;0.12;0.10;9.49;0.03;0.58;0.97;53.51;293.99;4.24;7.61;0.36;0.00;71.69;0.00
"3036 Nannestad";4.31;0.30;1.97;0.75;0.15;0.04;0.04;6.29;0.01;0.53;0.47;51.83;245.39;1.85;9.28;0.06;0.00;17.73;0.00
"3037 Hurdal";1.38;0.69;0.63;0.27;0.06;0.04;0.04;3.57;0.00;0.31;0.30;7.90;235.42;0.81;8.75;0.12;0.00;24.65;0.00
"3038 Hole";2.35;1.00;1.01;0.51;0.11;0.06;0.02;3.06;0.05;0.70;0.40;22.27;99.02;1.55;2.17;0.52;0.00;57.91;0.00
"3039 Flå";0.56;2.64;0.63;0.39;0.01;0.02;0.02;5.72;0.00;0.12;0.18;7.35;439.51;159.30;45.17;6.60;0.00;36.18;0.00
"3040 Nesbyen";1.50;3.65;1.34;0.77;0.03;0.03;0.05;6.94;0.01;1.53;0.50;17.59;524.15;133.12;74.40;3.13;0.00;40.90;0.00
"3041 Gol";1.81;3.06;1.75;1.03;0.08;0.02;0.03;6.32;0.00;1.19;0.24;25.22;326.64;84.81;59.38;1.45;0.00;19.47;0.00
"3042 Hemsedal";0.83;2.30;0.84;0.99;0.02;0.01;0.02;4.33;0.00;1.86;0.29;22.12;168.60;347.37;32.05;128.67;0.04;43.18;0.00
"3043 Ål";1.66;3.08;2.15;1.26;0.13;0.04;0.06;7.75;0.03;0.85;0.25;40.10;356.16;411.57;102.76;153.00;0.21;93.92;0.00
"3044 Hol";1.98;7.11;1.15;1.26;0.07;0.03;0.07;8.58;0.01;2.64;0.18;20.54;351.71;1009.05;84.30;154.92;9.20;201.74;0.00
"3045 Sigdal";1.42;4.51;2.14;0.94;0.04;0.01;0.03;8.10;0.00;0.32;0.59;35.57;595.08;117.64;41.63;1.67;0.00;32.68;0.00
"3046 Krødsherad";1.09;1.56;0.81;0.58;0.03;0.02;0.02;4.61;0.00;0.82;0.37;10.35;276.96;30.01;11.29;0.55;0.00;35.43;0.00
"3047 Modum";5.35;0.57;2.82;1.77;0.19;0.14;0.07;7.66;0.01;0.73;0.89;52.20;376.29;3.01;10.51;1.03;0.00;53.99;0.00
"3048 Øvre Eiker";6.29;0.53;2.39;2.48;0.16;0.09;0.10;7.79;0.01;0.62;1.00;51.87;331.24;3.97;7.72;0.26;0.00;40.18;0.00
"3049 Lier";6.06;0.32;2.67;3.10;0.21;0.07;0.06;7.17;0.03;1.49;1.38;43.42;208.78;1.92;3.98;0.83;0.00;20.27;0.00
"3050 Flesberg";1.11;3.26;1.53;0.97;0.05;0.01;0.03;7.62;0.00;0.41;0.30;14.03;429.81;53.25;22.37;1.55;0.00;25.60;0.00
"3051 Rollag";0.50;2.13;1.12;0.43;0.02;0.02;0.03;4.54;0.01;0.16;0.21;10.41;330.14;49.50;27.03;2.53;0.00;20.53;0.00
"3052 Nore og Uvdal";0.95;3.73;1.44;0.79;0.03;0.02;0.03;9.82;0.00;0.85;0.22;20.90;693.19;1355.04;175.26;5.21;0.00;234.69;0.00
"3053 Jevnaker";2.39;0.31;0.81;0.69;0.06;0.02;0.05;3.21;0.00;0.29;0.42;17.03;158.97;0.97;9.19;0.21;0.00;31.10;0.00
"3054 Lunner";3.30;1.26;1.53;0.60;0.12;0.07;0.03;5.32;0.00;0.30;0.64;28.90;220.07;2.03;7.09;0.51;0.00;20.08;0.00
"0301 Oslo municipality";51.53;1.12;0.64;10.37;3.51;1.17;0.90;36.75;0.66;9.78;8.32;9.60;279.30;7.55;4.09;0.52;0.00;28.32;0.00
"3401 Kongsvinger";6.35;1.46;3.41;2.23;0.21;0.16;0.10;16.13;0.12;1.49;1.33;56.35;827.63;2.50;31.19;0.06;0.00;85.75;0.00
"3403 Hamar";7.93;0.74;1.95;2.57;0.33;0.15;0.17;7.22;0.03;0.95;1.08;47.16;211.66;18.20;36.95;0.09;0.00;13.77;0.00
"3405 Lillehammer";7.19;1.62;2.40;2.28;0.29;0.10;0.20;9.64;0.37;1.03;1.70;37.97;312.70;28.58;44.12;0.13;0.00;27.83;0.00
"3407 Gjøvik";10.47;0.86;3.56;3.19;0.33;0.17;0.14;13.64;0.01;1.24;1.32;76.39;483.67;3.61;29.14;0.08;0.00;43.30;0.00
"3411 Ringsaker";13.54;7.62;7.60;3.99;0.41;0.23;0.14;23.25;0.01;1.98;2.81;199.88;687.79;59.71;111.89;0.20;0.00;159.05;0.00
"3412 Løten";3.07;1.36;2.30;0.54;0.09;0.04;0.04;6.24;0.01;0.42;0.42;46.40;275.86;3.75;21.53;0.03;0.00;7.35;0.00
"3413 Stange";8.24;0.90;3.70;1.60;0.28;0.23;0.11;13.03;0.01;1.25;1.23;99.76;486.55;5.47;17.71;0.11;0.00;84.11;0.00
"3414 Nord-Odal";2.52;0.86;2.11;0.57;0.05;0.07;0.04;5.91;0.00;0.25;0.42;25.52;417.47;1.63;17.09;0.00;0.00;33.63;0.00
"3415 Sør-Odal";3.89;0.65;2.62;1.20;0.14;0.03;0.06;7.81;0.01;0.36;0.67;63.57;377.33;3.08;16.56;0.01;0.00;38.77;0.00
"3416 Eidskog";3.19;0.82;2.44;0.94;0.08;0.04;0.07;9.36;0.00;0.70;0.62;39.32;522.19;1.96;20.41;0.01;0.00;38.24;0.00
"3417 Grue";2.46;0.84;2.84;1.08;0.05;0.06;0.04;11.08;0.00;0.35;0.42;65.97;658.77;2.38;30.31;0.09;0.00;60.43;0.00
"3418 Åsnes";3.78;0.73;4.28;1.16;0.14;0.07;0.08;14.21;0.01;0.62;0.68;103.98;831.27;2.51;39.18;0.02;0.00;38.22;0.00
"3419 Våler (Innlandet)";2.22;0.85;1.77;0.93;0.07;0.02;0.04;9.24;0.57;0.56;0.36;49.82;554.22;1.55;55.18;0.01;0.00;27.89;0.00
"3420 Elverum";8.34;0.57;3.91;2.89;0.31;0.15;0.19;17.44;0.44;1.45;1.33;51.31;1032.37;4.32;81.60;0.24;0.00;22.41;0.00
"3421 Trysil";2.99;7.04;3.10;1.81;0.07;0.03;0.10;21.73;0.00;6.00;1.30;32.01;2246.46;297.47;284.73;30.36;0.00;79.15;0.05
"3422 Åmot";2.42;2.82;1.09;1.61;0.06;0.02;0.04;17.13;1.24;0.46;0.56;21.46;1078.83;48.40;113.94;0.55;0.00;49.27;0.00
"3423 Stor-Elvdal";1.54;2.22;1.74;1.40;0.07;0.02;0.05;12.80;0.01;0.22;0.38;24.14;1377.49;479.88;170.53;51.34;0.00;41.96;0.00
"3424 Rendalen";1.03;2.62;1.70;0.71;0.03;0.02;0.03;12.11;0.00;0.39;0.26;23.95;1734.85;929.77;299.64;50.35;0.00;122.03;0.00
"3425 Engerdal";0.67;1.68;0.91;0.84;0.03;0.01;0.04;7.18;0.01;0.39;0.30;13.64;1048.25;611.32;183.49;46.13;0.00;281.66;0.00
"3426 Tolga";0.59;0.83;1.25;0.64;0.01;0.01;0.04;4.73;0.00;0.20;0.14;36.88;409.07;518.08;111.47;11.55;0.00;26.92;0.00
"3427 Tynset";2.08;1.90;2.65;1.47;0.09;0.07;0.09;10.07;0.01;0.58;0.37;65.91;746.84;803.46;178.35;7.28;0.00;57.98;0.00
"3428 Alvdal";1.03;0.76;1.51;0.87;0.07;0.02;0.02;5.62;0.00;0.20;0.15;32.10;411.67;389.25;42.74;31.93;0.00;24.21;0.00
"3429 Folldal";0.66;0.59;1.37;0.86;0.02;0.02;0.03;5.20;0.01;0.33;0.14;30.58;360.96;752.05;53.82;52.67;0.00;17.76;0.00
"3430 Os";0.67;1.15;1.46;0.46;0.02;0.02;0.03;4.87;0.00;0.45;0.18;33.80;382.26;456.61;119.89;4.37;0.00;34.09;0.00
"3431 Dovre";1.05;0.57;1.23;0.94;0.04;0.02;0.02;5.79;0.64;0.38;0.31;28.27;216.79;884.40;38.41;166.19;1.93;17.39;0.00
"3432 Lesja";0.71;1.75;1.57;0.66;0.03;0.02;0.04;5.87;0.00;0.84;0.61;44.00;310.41;1272.29;16.76;489.01;22.13;92.81;0.00
"3433 Skjåk";0.90;0.58;1.33;0.69;0.03;0.02;0.02;4.20;0.00;0.18;0.23;23.22;243.33;877.21;3.35;689.05;122.08;109.12;0.00
"3434 Lom";0.83;0.23;1.17;0.52;0.04;0.02;0.04;4.08;0.01;0.15;0.28;24.61;186.56;946.91;9.63;583.50;128.34;81.63;0.00
"3435 Vågå";1.18;1.01;1.66;0.83;0.04;0.02;0.02;6.27;0.00;0.95;0.39;39.33;334.78;652.69;20.25;163.40;28.44;78.73;0.00
"3436 Nord-Fron";2.30;3.51;2.92;1.59;0.09;0.04;0.05;8.41;0.01;0.66;0.55;45.44;525.51;411.92;59.16;31.05;0.00;48.13;0.00
"3437 Sel";1.99;2.50;1.87;2.10;0.09;0.05;0.04;7.84;0.00;0.36;0.39;38.75;344.26;360.08;23.77;103.67;0.00;17.30;0.00
"3438 Sør-Fron";1.27;2.33;1.66;0.45;0.03;0.03;0.03;5.76;0.00;0.46;0.37;38.03;310.47;291.67;49.99;8.76;0.00;30.90;0.00
"3439 Ringebu";1.85;4.91;2.66;1.28;0.05;0.03;0.04;8.89;0.00;1.46;0.21;50.04;553.87;444.44;122.54;27.61;0.00;27.70;0.00
"3440 Øyer";1.83;3.26;1.83;1.19;0.04;0.03;0.02;6.92;0.00;1.67;1.24;34.41;296.75;150.85;114.45;0.48;0.00;24.92;0.00
"3441 Gausdal";2.33;2.81;2.86;1.11;0.06;0.04;0.06;9.81;0.05;1.60;0.93;68.20;609.77;287.10;152.36;1.69;0.00;50.40;0.00
"3442 Østre Toten";7.23;1.07;4.67;1.08;0.20;0.09;0.07;8.52;0.08;0.80;1.10;115.83;322.25;3.30;18.21;0.18;0.00;77.93;0.00
"3443 Vestre Toten";5.72;0.31;2.66;1.29;0.18;0.16;0.10;6.18;0.52;0.62;0.90;57.83;149.42;2.68;3.40;0.04;0.00;18.66;0.00
"3446 Gran";5.35;1.66;4.03;1.36;0.18;0.09;0.09;10.65;0.01;0.75;0.99;79.63;524.79;3.34;24.95;0.05;0.00;98.71;0.00
"3447 Søndre Land";2.85;1.21;1.96;0.50;0.06;0.08;0.04;8.14;0.01;0.90;0.52;28.26;569.17;2.21;42.40;0.27;0.00;69.80;0.00
"3448 Nordre Land";3.16;2.62;2.43;1.22;0.05;0.03;0.08;11.21;0.01;0.60;0.57;45.35;690.44;66.35;93.50;1.59;0.00;36.13;0.00
"3449 Sør-Aurdal";1.22;3.62;2.12;0.88;0.03;0.03;0.05;11.15;0.00;0.27;0.56;26.61;778.21;128.59;109.05;5.04;0.00;41.62;0.00
"3450 Etnedal";0.69;2.58;0.99;0.39;0.02;0.03;0.01;5.67;0.00;0.11;0.25;19.31;327.85;34.87;48.24;1.40;0.00;16.74;0.00
"3451 Nord-Aurdal";2.27;4.85;2.63;1.57;0.11;0.04;0.07;11.12;0.00;0.96;0.96;39.98;472.85;182.36;126.78;1.64;0.00;58.25;0.00
"3452 Vestre Slidre";0.85;3.27;2.59;0.56;0.03;0.03;0.04;5.48;0.01;0.32;0.60;30.75;201.35;124.40;40.15;5.52;0.00;41.95;0.00
"3453 Øystre Slidre";1.22;3.53;1.58;1.13;0.04;0.01;0.03;6.09;0.00;0.57;0.61;29.68;231.12;468.68;117.50;22.40;0.00;84.41;0.00
"3454 Vang";0.46;2.00;1.23;0.55;0.04;0.02;0.01;4.66;0.00;0.74;0.37;19.43;184.51;847.59;29.16;206.63;11.43;196.65;0.00
"3801 Horten";6.25;0.33;0.65;1.22;0.30;0.15;0.07;4.17;0.29;1.35;0.73;20.72;30.27;2.18;0.29;0.05;0.00;1.96;0.00
"3802 Holmestrand";7.54;1.64;3.09;2.36;0.25;0.12;0.09;10.58;0.01;1.78;1.74;66.88;305.81;4.42;3.30;0.59;0.00;22.16;0.00
"3803 Tønsberg";13.66;0.43;4.53;4.37;0.48;0.31;0.17;12.04;0.03;1.75;1.97;118.50;160.57;5.60;0.49;0.08;0.00;4.24;0.00
"3804 Sandefjord";16.37;2.89;4.84;4.06;0.49;0.22;0.19;16.00;0.03;2.93;2.05;102.57;250.62;7.48;1.63;1.31;0.00;8.62;0.00
"3805 Larvik";12.62;5.04;5.03;10.90;0.44;0.20;0.24;18.07;0.18;2.48;3.38;98.98;585.76;10.56;5.80;9.00;0.00;43.84;0.00
"3806 Porsgrunn";9.44;1.17;0.71;4.45;0.37;0.21;0.10;6.67;0.02;0.94;1.65;8.11;123.11;2.42;0.35;0.52;0.00;3.57;0.00
"3807 Skien";13.37;0.78;3.31;4.40;0.48;0.39;0.19;13.50;0.02;2.00;2.83;45.52;604.09;15.60;8.24;2.37;0.00;61.00;0.00
"3808 Notodden";4.53;1.43;1.91;1.64;0.14;0.08;0.08;9.49;0.02;0.56;1.08;22.85;701.21;123.85;31.94;7.70;0.00;75.37;0.00
"3811 Færder";9.28;4.02;0.91;0.91;0.25;0.10;0.07;4.83;0.11;1.53;1.22;12.94;45.64;3.82;0.00;13.82;0.00;0.41;0.00
"3812 Siljan";0.95;0.19;0.39;0.14;0.03;0.01;0.01;2.29;0.00;0.36;0.20;6.99;182.57;0.69;6.86;0.32;0.00;11.96;0.00
"3813 Bamble";4.37;2.38;0.88;1.98;0.17;0.05;0.08;6.08;0.01;0.57;1.23;9.07;246.48;1.89;3.46;2.53;0.00;22.99;0.00
"3814 Kragerø";3.70;3.67;0.79;1.79;0.08;0.05;0.06;5.28;0.00;0.99;0.90;6.46;245.85;2.61;3.84;11.05;0.00;18.18;0.00
"3815 Drangedal";1.82;1.51;1.29;0.43;0.05;0.03;0.05;8.12;0.00;0.69;0.41;13.26;873.28;39.43;26.12;24.04;0.00;72.25;0.00
"3816 Nome";2.67;0.42;1.56;0.96;0.11;0.04;0.05;5.03;0.00;0.71;0.42;29.38;332.97;4.21;4.42;1.75;0.00;44.98;0.00
"3817 Midt-Telemark";3.80;1.18;2.91;1.66;0.14;0.07;0.10;7.52;0.01;0.82;0.93;47.65;377.48;31.18;5.57;4.97;0.00;32.54;0.00
"3818 Tinn";1.98;3.22;1.29;1.27;0.05;0.02;0.10;7.82;0.00;1.07;0.71;13.56;610.73;1089.99;91.18;19.68;0.00;202.47;0.00
"3819 Hjartdal";0.49;2.12;1.11;0.50;0.02;0.01;0.02;4.31;0.00;0.11;0.28;13.60;435.30;234.54;31.97;10.38;0.00;56.85;0.00
"3820 Seljord";1.20;1.27;1.20;0.70;0.04;0.03;0.03;4.65;0.01;0.17;0.31;14.75;405.28;194.51;22.59;21.35;0.00;47.00;0.00
"3821 Kviteseid";1.28;1.07;1.15;0.68;0.03;0.02;0.06;5.98;0.00;0.80;0.70;11.66;495.13;63.49;12.15;28.17;0.00;86.10;0.00
"3822 Nissedal";0.69;2.16;0.71;0.71;0.03;0.02;0.03;5.14;0.00;0.27;0.45;4.88;558.70;150.08;24.56;36.25;0.00;120.50;0.00
"3823 Fyresdal";0.61;1.19;0.65;0.40;0.01;0.02;0.03;4.90;0.00;0.12;0.21;8.79;722.83;295.98;44.00;24.26;0.00;176.02;0.00
"3824 Tokke";0.94;1.16;1.07;0.52;0.03;0.02;0.07;6.06;0.00;0.43;0.35;13.09;552.54;278.49;34.41;11.85;0.00;83.55;0.00
"3825 Vinje";1.61;4.67;1.46;1.78;0.07;0.05;0.06;9.05;0.01;1.19;1.16;19.41;650.87;1832.66;137.51;56.36;0.84;387.07;0.00
"4201 Risør";2.33;1.87;0.81;0.65;0.07;0.06;0.04;3.73;0.01;0.14;0.30;4.54;155.06;1.90;1.53;4.75;0.00;15.09;0.00
"4202 Grimstad";7.59;1.66;1.20;1.78;0.23;0.07;0.08;6.67;0.01;0.72;0.53;19.77;214.58;7.66;6.36;2.94;0.00;31.71;0.00
"4203 Arendal";13.40;2.26;1.89;2.72;0.38;0.18;0.17;10.62;0.04;0.89;1.76;18.96;190.42;4.93;2.83;2.29;0.00;18.02;0.00
"4204 Kristiansand";20.05;3.29;2.07;6.24;0.96;0.45;0.37;18.98;0.25;2.92;3.93;24.94;485.48;16.55;20.37;2.46;0.00;34.76;0.00
"4205 Lindesnes";6.51;3.90;3.21;2.00;0.17;0.11;0.15;13.11;0.01;0.69;1.24;44.04;725.90;37.86;38.59;4.67;0.00;48.66;0.00
"4206 Farsund";3.57;1.51;1.25;1.14;0.09;0.03;0.10;7.64;0.01;0.41;0.81;32.54;137.68;54.24;6.48;3.46;0.00;11.31;0.00
"4207 Flekkefjord";2.59;1.43;0.88;0.71;0.10;0.04;0.05;5.16;0.00;0.18;0.44;17.01;332.31;96.97;17.54;5.28;0.00;63.26;0.00
"4211 Gjerstad";1.21;0.34;0.70;0.35;0.03;0.01;0.03;3.26;0.00;0.12;0.33;5.88;271.41;5.82;13.61;2.84;0.00;16.21;0.00
"4212 Vegårshei";0.87;0.83;0.62;0.21;0.03;0.02;0.04;3.58;0.00;0.15;0.16;4.34;291.28;0.85;15.82;0.74;0.00;36.10;0.00
"4213 Tvedestrand";2.73;2.01;0.69;0.45;0.12;0.03;0.06;4.26;0.00;0.52;0.22;7.39;176.91;1.90;3.20;3.07;0.00;11.57;0.00
"4214 Froland";2.36;0.85;1.11;0.68;0.08;0.06;0.06;7.22;0.00;0.18;0.20;9.37;521.47;18.32;34.88;4.51;0.00;43.18;0.00
"4215 Lillesand";3.49;2.13;0.77;1.90;0.12;0.05;0.04;4.57;0.00;0.41;0.85;6.19;145.51;7.71;3.36;2.36;0.00;10.59;0.00
"4216 Birkenes";1.72;0.79;0.91;1.01;0.07;0.03;0.04;6.28;0.01;0.20;0.39;12.40;517.37;4.68;43.35;5.54;0.00;42.59;0.00
"4217 Åmli";0.85;0.79;0.82;0.70;0.03;0.01;0.04;6.80;0.00;0.15;0.13;14.02;812.88;126.29;60.02;29.32;0.00;77.76;0.00
"4218 Iveland";0.57;0.27;0.39;0.19;0.02;0.01;0.02;2.24;0.00;0.05;0.13;5.43;210.25;0.73;24.75;0.72;0.00;15.86;0.00
"4219 Evje og Hornnes";1.46;1.52;0.63;0.97;0.06;0.05;0.02;5.01;0.52;0.23;0.38;12.19;425.89;41.46;49.92;7.57;0.00;39.19;0.00
"4220 Bygland";0.54;0.68;0.60;0.56;0.01;0.03;0.03;3.91;0.00;0.06;0.13;9.30;474.08;576.90;49.32;26.44;0.00;169.16;0.00
"4221 Valle";0.53;1.25;0.74;0.60;0.03;0.01;0.03;3.10;0.01;0.28;0.24;10.29;351.12;686.02;51.07;19.52;0.00;140.42;0.00
"4222 Bykle";0.42;2.15;0.19;1.22;0.02;0.01;0.03;2.99;0.01;2.76;0.36;3.09;250.46;910.63;29.64;44.02;0.00;219.09;0.00
"4223 Vennesla";4.04;0.34;0.69;0.87;0.13;0.05;0.06;5.21;0.00;0.26;0.87;13.70;304.33;4.49;26.00;0.49;0.00;22.93;0.00
"4224 Åseral";0.42;1.81;0.38;0.48;0.01;0.01;0.02;3.17;0.00;0.67;0.21;9.56;250.27;488.52;26.70;11.44;0.00;93.83;0.00
"4225 Lyngdal";3.29;1.88;1.92;1.41;0.14;0.07;0.10;8.32;0.00;1.03;1.12;30.83;424.60;89.36;34.45;6.41;0.00;37.62;0.00
"4226 Hægebostad";0.61;0.73;0.83;0.30;0.02;0.03;0.03;2.91;0.01;0.10;0.18;15.36;218.89;148.82;28.66;5.18;0.00;38.66;0.00
"4227 Kvinesdal";2.48;1.30;1.19;0.84;0.07;0.05;0.08;6.62;0.00;0.73;0.58;26.96;430.41;351.22;47.22;14.03;0.00;78.65;0.00
"4228 Sirdal";0.67;3.85;0.73;0.84;0.04;0.02;0.04;5.13;0.01;1.64;0.08;13.26;220.20;1072.82;27.38;14.37;0.00;193.23;0.00
"1101 Eigersund";3.58;1.20;1.26;2.09;0.17;0.04;0.06;6.15;0.01;0.49;0.81;52.14;83.02;216.78;13.50;4.57;0.00;46.55;0.00
"1103 Stavanger";19.28;1.87;3.51;4.86;1.27;0.47;0.36;14.50;0.41;2.81;3.21;92.91;80.63;23.07;5.72;1.19;0.00;6.35;0.00
"1106 Haugesund";7.30;0.21;0.33;1.71;0.37;0.14;0.11;4.02;0.02;0.71;1.19;9.14;20.73;18.13;3.30;0.74;0.00;4.45;0.00
"1108 Sandnes";11.90;2.85;3.58;5.89;0.69;0.19;0.22;12.64;0.14;2.14;2.55;89.80;215.91;521.59;9.87;63.49;0.00;97.18;0.00
"1111 Sokndal";1.15;0.26;0.54;4.44;0.02;0.01;0.03;2.54;0.01;0.21;0.21;16.75;60.98;165.91;9.99;3.90;0.00;28.00;0.00
"1112 Lund";1.03;0.50;0.89;0.24;0.06;0.02;0.04;3.20;0.00;0.10;0.18;24.57;121.74;188.31;6.70;4.46;0.00;56.36;0.00
"1114 Bjerkreim";0.70;0.67;1.22;0.49;0.04;0.00;0.02;4.10;0.07;0.57;0.25;60.74;113.52;368.19;15.98;7.11;0.00;76.87;0.00
"1119 Hå";3.66;0.43;4.21;1.75;0.22;0.16;0.10;6.42;0.01;0.81;0.84;118.94;16.42;78.49;12.97;1.56;0.00;10.97;0.00
"1120 Klepp";3.45;0.13;4.36;1.79;0.23;0.07;0.07;4.41;0.00;0.46;0.79;74.25;5.08;5.89;0.55;0.69;0.00;11.17;0.00
"1121 Time";3.49;0.04;2.28;1.39;0.22;0.05;0.06;3.95;0.00;0.66;0.97;83.45;17.12;46.87;9.36;0.22;0.00;13.05;0.00
"1122 Gjesdal";2.23;0.66;1.03;1.71;0.14;0.02;0.10;4.35;0.06;0.44;0.53;55.25;97.32;364.82;8.41;19.28;0.00;61.60;0.00
"1124 Sola";4.70;0.30;1.91;2.97;0.30;0.07;0.09;8.82;0.09;1.53;1.23;35.43;3.75;6.49;0.36;0.76;0.00;0.30;0.00
"1127 Randaberg";1.71;0.14;1.07;0.49;0.14;0.02;0.04;1.46;0.00;0.39;0.38;14.72;1.49;1.86;0.09;0.09;0.00;0.62;0.00
"1130 Strand";3.75;1.61;1.29;1.93;0.16;0.03;0.07;4.51;0.01;0.37;0.82;27.35;123.23;62.20;2.87;4.97;0.00;26.54;0.00
"1133 Hjelmeland";0.81;1.02;1.41;1.22;0.06;0.02;0.03;3.95;0.00;0.11;0.29;40.64;296.76;528.31;22.54;51.53;0.00;119.38;0.00
"1134 Suldal";1.25;1.64;1.48;1.78;0.07;0.04;0.05;6.63;0.01;0.27;0.37;35.16;595.47;818.84;17.53;98.29;1.53;155.83;0.00
"1135 Sauda";1.54;0.92;0.39;0.79;0.06;0.03;0.02;2.51;0.00;0.45;0.25;8.31;118.94;321.92;8.40;41.34;0.00;40.67;0.00
"1144 Kvitsøy";0.12;0.07;0.09;0.02;0.00;0.00;0.00;0.15;0.00;0.03;0.03;3.44;0.00;1.60;0.03;0.65;0.00;0.02;0.00
"1145 Bokn";0.34;0.18;0.27;0.10;0.02;0.00;0.01;0.94;0.00;0.03;0.11;9.54;5.40;25.25;2.08;0.28;0.00;2.65;0.00
"1146 Tysvær";3.48;1.74;2.25;3.02;0.13;0.05;0.08;7.28;0.00;0.57;1.28;56.49;165.70;143.15;12.94;1.25;0.00;25.96;0.00
"1149 Karmøy";12.53;0.80;2.12;3.96;0.45;0.16;0.25;9.44;0.02;1.40;2.36;58.49;39.31;73.82;11.33;2.42;0.00;11.01;0.00
"1151 Utsira";0.07;0.05;0.03;0.01;0.00;0.00;0.00;0.12;0.00;0.02;0.03;1.48;0.18;3.35;0.04;0.88;0.00;0.04;0.00
"1160 Vindafjord";2.98;1.31;3.02;1.51;0.12;0.06;0.07;7.87;0.02;0.37;0.95;80.91;275.45;202.35;18.28;1.66;0.00;23.52;0.00
"4601 Bergen";41.92;1.46;1.60;7.83;2.07;0.90;0.57;27.70;0.78;3.68;6.45;30.22;204.33;102.39;9.88;1.81;0.00;21.19;0.00
"4602 Kinn";4.37;1.16;1.55;2.58;0.19;0.06;0.08;7.70;0.01;0.51;1.17;29.45;286.28;301.56;14.50;102.12;7.48;50.69;0.00
"4611 Etne";1.48;0.87;1.38;0.83;0.05;0.04;0.04;3.70;0.00;0.21;0.50;30.12;183.83;367.72;16.16;42.50;39.39;46.42;0.00
"4612 Sveio";2.26;1.43;1.12;0.59;0.08;0.02;0.04;4.24;0.01;1.02;0.59;29.55;106.18;67.64;9.20;0.34;0.00;21.68;0.00
"4613 Bømlo";4.91;1.00;0.70;0.69;0.16;0.04;0.07;4.90;0.00;0.36;1.03;16.28;77.53;118.07;4.45;3.98;0.00;11.59;0.00
"4614 Stord";5.33;0.38;0.51;1.58;0.22;0.09;0.06;4.29;0.01;0.55;0.78;8.03;78.93;31.87;3.46;1.03;0.00;6.62;0.00
"4615 Fitjar";1.14;0.55;0.42;0.32;0.03;0.02;0.01;2.06;0.00;0.10;0.23;8.85;33.24;81.63;4.28;0.71;0.00;8.46;0.00
"4616 Tysnes";1.24;1.23;0.94;0.23;0.03;0.03;0.02;3.15;0.00;0.15;0.42;13.61;172.13;40.70;8.50;2.06;0.00;10.35;0.00
"4617 Kvinnherad";4.67;1.51;2.12;1.76;0.17;0.09;0.10;8.20;0.01;0.91;1.02;44.80;367.08;315.48;10.43;182.55;98.24;51.65;0.00
"4618 Ullensvang";2.60;1.95;1.49;1.85;0.12;0.06;0.11;8.54;0.01;1.85;0.62;27.03;391.41;1764.03;33.04;652.68;79.12;270.14;0.00
"4619 Eidfjord";0.37;1.28;0.29;0.70;0.02;0.01;0.02;2.12;0.00;0.21;0.15;4.00;92.24;1082.40;84.48;61.43;53.60;108.19;0.00
"4620 Ulvik";0.33;0.24;0.33;0.27;0.03;0.02;0.01;1.80;0.00;0.07;0.10;7.17;92.70;356.97;5.51;174.79;24.34;57.34;0.00
"4621 Voss";3.75;3.14;3.29;2.22;0.19;0.08;0.08;12.29;0.43;2.40;1.01;63.54;675.22;875.47;53.21;250.57;3.65;91.42;0.00
"4622 Kvam";2.40;2.57;1.71;0.83;0.13;0.04;0.05;5.13;0.00;0.70;0.78;24.38;211.04;228.17;12.96;87.53;0.03;38.04;0.00
"4623 Samnanger";0.86;0.63;0.31;0.21;0.03;0.01;0.01;1.78;0.00;1.49;0.18;5.26;101.11;114.74;5.18;24.52;0.00;12.71;0.00
"4624 Bjørnafjorden";7.11;1.94;1.69;1.30;0.30;0.10;0.08;7.14;0.34;0.59;1.23;27.21;318.33;94.36;8.46;15.80;0.00;31.35;0.00
"4625 Austevoll";2.36;1.01;0.36;0.28;0.07;0.02;0.03;2.55;0.01;0.14;0.70;5.61;44.99;45.17;8.00;2.26;0.00;3.26;0.00
"4626 Øygarden";11.60;2.91;1.03;4.21;0.37;0.11;0.09;8.35;0.00;0.95;2.24;15.46;52.44;172.56;9.01;16.54;0.00;15.37;0.00
"4627 Askøy";8.03;0.90;0.40;1.74;0.23;0.08;0.07;4.60;0.02;0.58;1.60;5.46;42.27;25.55;2.05;0.23;0.00;6.96;0.00
"4628 Vaksdal";0.99;0.65;0.35;0.35;0.05;0.01;0.02;2.86;0.00;0.12;0.21;8.98;212.96;376.05;6.31;69.28;0.00;36.16;0.00
"4629 Modalen";0.11;0.12;0.11;0.31;0.01;0.01;0.01;0.94;0.00;0.02;0.03;2.61;73.99;234.73;2.31;64.26;0.00;32.43;0.00
"4630 Osterøy";2.51;0.72;1.16;0.52;0.08;0.04;0.05;3.98;0.01;0.17;0.56;26.58;134.56;59.28;6.98;5.30;0.00;12.63;0.00
"4631 Alver";8.24;3.64;4.33;4.91;0.38;0.10;0.13;12.60;0.01;0.89;2.08;85.78;309.86;163.89;34.80;16.23;0.00;30.62;0.00
"4632 Austrheim";1.31;0.45;0.42;0.47;0.05;0.02;0.02;1.65;0.00;0.13;0.39;7.59;14.79;22.41;6.25;0.31;0.00;0.80;0.00
"4633 Fedje";0.25;0.11;0.01;0.04;0.01;0.00;0.01;0.19;0.01;0.02;0.06;0.68;0.37;4.87;1.40;0.85;0.00;0.39;0.00
"4634 Masfjorden";0.73;0.63;0.54;0.35;0.04;0.02;0.02;2.79;0.00;0.13;0.39;8.83;207.08;267.10;6.87;12.85;0.00;47.08;0.00
"4635 Gulen";0.71;1.11;0.95;1.68;0.04;0.02;0.04;4.35;0.00;0.12;0.54;24.23;186.83;328.22;19.27;5.58;0.00;23.19;0.00
"4636 Solund";0.28;0.36;0.21;0.08;0.01;0.01;0.01;1.30;0.00;0.03;0.11;5.31;13.70;188.33;3.02;4.95;0.00;9.90;0.00
"4637 Hyllestad";0.47;0.25;0.67;0.24;0.01;0.01;0.02;2.27;0.01;0.04;0.05;14.59;133.22;85.55;6.11;3.77;0.00;11.50;0.00
"4638 Høyanger";1.10;0.61;0.74;0.60;0.05;0.03;0.04;4.48;0.00;0.17;0.36;15.66;300.69;539.69;12.10;53.79;0.25;72.68;0.00
"4639 Vik";0.79;0.37;0.91;0.50;0.02;0.02;0.02;3.03;0.00;0.24;0.22;23.78;210.52;430.04;11.18;102.09;10.98;38.50;0.00
"4640 Sogndal";2.99;0.66;1.61;1.32;0.16;0.05;0.09;7.37;0.00;0.99;0.62;36.01;457.06;480.31;14.38;154.79;67.93;31.50;0.00
"4641 Aurland";0.61;0.24;0.46;0.68;0.03;0.01;0.04;2.92;0.00;0.09;0.06;10.32;208.23;776.19;7.51;351.03;11.68;97.48;0.00
"4642 Lærdal";0.76;0.47;0.66;0.50;0.03;0.03;0.03;3.71;0.02;0.22;0.21;14.99;271.09;738.23;5.62;237.38;1.23;67.36;0.00
"4643 Årdal";1.30;0.41;0.19;0.76;0.05;0.02;0.03;2.36;0.00;0.18;0.12;2.36;207.44;503.25;5.82;190.96;11.74;49.61;0.00
"4644 Luster";1.38;0.78;2.16;1.25;0.07;0.05;0.06;6.24;0.00;0.60;0.14;42.78;446.39;1010.67;13.34;676.37;387.92;116.06;0.00
"4645 Askvoll";1.24;0.41;0.89;0.37;0.03;0.03;0.04;3.03;0.00;0.16;0.29;24.35;70.55;188.70;8.33;13.62;0.22;14.60;0.00
"4646 Fjaler";0.90;0.47;0.88;0.29;0.06;0.02;0.02;3.38;0.00;0.09;0.22;22.38;197.04;142.40;17.29;3.86;0.00;27.26;0.00
"4647 Sunnfjord";4.97;1.12;4.33;2.27;0.28;0.10;0.15;14.16;0.01;1.31;1.25;101.26;639.57;965.49;59.00;187.28;77.71;147.39;0.00
"4648 Bremanger";0.99;0.54;1.04;1.11;0.04;0.03;0.03;4.38;0.00;0.21;0.29;16.56;183.55;370.37;6.48;181.43;19.08;46.94;0.00
"4649 Stad";2.46;0.80;2.65;1.01;0.14;0.11;0.07;7.27;0.02;0.93;0.62;43.66;226.98;379.92;18.55;7.95;0.14;59.45;0.00
"4650 Gloppen";1.60;0.45;2.21;0.71;0.06;0.04;0.07;5.58;0.00;0.35;0.42;39.23;316.48;406.03;19.79;119.45;47.46;70.58;0.00
"4651 Stryn";1.93;1.02;1.83;1.20;0.12;0.02;0.06;6.62;0.00;0.61;0.44;38.86;350.46;397.05;13.37;267.81;240.74;59.84;0.00
"1505 Kristiansund";4.78;0.47;0.30;2.06;0.21;0.08;0.07;4.19;0.03;0.53;0.86;4.85;46.98;14.90;3.85;1.92;0.00;1.33;0.00
"1506 Molde";7.88;1.62;3.22;3.37;0.40;0.15;0.18;12.01;0.04;1.44;1.58;46.89;489.57;592.96;50.85;213.87;7.08;70.25;0.00
"1507 Ålesund";15.66;1.83;3.33;4.50;0.80;0.31;0.26;13.70;0.07;2.03;3.43;42.05;270.36;200.22;36.33;11.43;0.00;26.31;0.00
"1511 Vanylven";1.22;0.31;1.26;1.97;0.05;0.03;0.04;3.74;0.02;0.26;0.37;26.10;68.09;234.44;14.66;11.10;0.00;21.47;0.00
"1514 Sande (Møre og Romsdal)";0.82;0.17;0.57;0.33;0.03;0.01;0.03;1.53;0.00;0.18;0.30;10.25;11.13;61.52;2.39;0.81;0.00;3.21;0.00
"1515 Herøy (Møre og Romsdal)";3.00;0.35;0.78;0.77;0.11;0.05;0.07;2.59;0.00;0.19;0.81;7.50;13.03;80.55;5.29;2.56;0.00;1.79;0.00
"1516 Ulstein";2.17;0.22;0.39;0.85;0.07;0.04;0.02;1.83;0.01;0.20;0.39;5.69;18.31;57.77;4.71;2.08;0.00;2.48;0.00
"1517 Hareid";1.50;0.13;0.60;0.50;0.03;0.02;0.02;1.37;0.01;0.34;0.41;4.94;21.31;38.48;6.02;1.00;0.00;5.64;0.00
"1520 Ørsta";2.92;0.64;2.15;1.38;0.12;0.04;0.06;5.54;0.00;0.59;0.80;36.20;188.95;258.42;5.69;140.75;3.46;13.90;0.00
"1525 Stranda";1.30;0.72;0.93;0.75;0.06;0.02;0.03;3.47;0.00;1.71;0.36;17.96;223.66;377.52;12.75;184.30;17.42;22.89;0.00
"1528 Sykkylven";2.15;0.68;1.04;0.90;0.08;0.02;0.03;2.81;0.00;0.38;0.52;14.47;128.83;125.74;12.20;34.40;3.51;10.02;0.00
"1531 Sula";2.69;0.15;0.29;0.48;0.10;0.03;0.03;1.41;0.02;0.19;0.54;2.78;23.32;23.78;0.51;0.56;0.00;1.65;0.00
"1532 Giske";2.29;0.10;0.82;0.51;0.11;0.02;0.04;2.66;0.01;0.35;0.71;11.52;2.39;14.61;2.44;1.25;0.00;0.76;0.00
"1535 Vestnes";2.86;0.63;1.51;1.34;0.12;0.07;0.05;4.08;0.00;0.46;0.65;22.83;189.39;138.71;17.23;18.40;0.00;6.31;0.00
"1539 Rauma";1.96;1.09;1.78;1.58;0.07;0.03;0.05;6.33;0.31;0.60;0.63;35.41;379.15;567.72;21.35;352.71;16.49;60.80;0.00
"1547 Aukra";1.86;0.11;0.33;1.58;0.09;0.05;0.03;1.69;0.01;0.16;0.30;10.75;11.97;20.77;10.32;0.37;0.00;0.27;0.00
"1554 Averøy";2.26;0.52;1.32;1.12;0.06;0.03;0.06;3.39;0.00;0.21;0.54;22.44;66.69;60.66;11.46;1.79;0.00;2.70;0.00
"1557 Gjemnes";0.83;0.67;1.27;0.28;0.06;0.02;0.04;3.49;0.00;0.14;0.31;26.19;199.19;107.65;27.59;2.28;0.00;11.64;0.00
"1560 Tingvoll";1.37;1.16;1.14;0.46;0.04;0.02;0.04;4.13;0.03;0.25;0.43;20.60;224.07;50.78;15.15;1.24;0.00;15.80;0.00
"1563 Sunndal";2.07;0.67;1.28;1.81;0.10;0.04;0.05;4.86;0.01;0.62;0.63;24.71;332.08;822.37;18.43;426.30;9.38;67.95;0.00
"1566 Surnadal";2.11;1.43;1.96;1.15;0.09;0.04;0.05;5.55;0.02;0.61;0.69;38.44;455.33;659.92;80.50;64.25;0.88;52.31;0.00
"1573 Smøla";0.88;0.50;0.81;0.31;0.04;0.02;0.05;2.96;0.02;0.13;0.29;18.89;8.69;147.25;72.38;6.12;0.00;12.28;0.00
"1576 Aure";1.28;1.39;1.37;1.23;0.04;0.04;0.03;5.99;0.01;0.17;0.39;24.96;320.03;223.17;34.71;4.17;0.00;21.24;0.00
"1577 Volda";2.53;0.63;2.14;0.95;0.17;0.07;0.05;6.41;0.03;0.91;0.76;33.79;270.09;391.69;13.88;105.12;1.93;45.74;0.00
"1578 Fjord";0.75;0.76;1.02;0.85;0.03;0.04;0.04;3.14;0.00;0.42;0.38;18.92;269.47;461.82;12.06;344.71;27.92;48.27;0.00
"1579 Hustadvika";4.79;0.80;3.73;2.95;0.19;0.08;0.12;7.54;0.04;0.79;1.23;79.39;196.36;146.07;54.52;7.66;0.00;15.55;0.00
"5001 Trondheim";27.39;1.01;3.16;9.35;1.68;0.68;0.39;19.16;0.36;5.17;3.57;73.68;279.05;25.76;44.00;0.51;0.00;32.27;0.00
"5006 Steinkjer";7.05;2.27;5.46;2.72;0.35;0.15;0.14;16.20;0.16;1.12;1.55;178.23;1103.95;317.65;291.29;2.39;0.00;191.28;0.00
"5007 Namsos";4.42;1.49;2.64;2.08;0.21;0.10;0.12;12.51;0.02;0.65;0.73;64.97;1128.05;576.25;152.05;47.70;0.00;134.28;0.00
"5014 Frøya";1.90;1.00;0.28;0.56;0.07;0.03;0.05;3.01;0.01;0.25;0.43;10.37;4.51;162.03;29.08;14.33;0.00;12.36;0.00
"5020 Osen";0.41;0.28;0.38;0.32;0.01;0.01;0.02;1.58;0.00;0.08;0.12;9.10;119.42;197.54;27.66;11.49;0.00;18.61;0.00
"5021 Oppdal";2.08;3.43;2.65;3.01;0.08;0.04;0.06;8.50;0.00;4.75;1.35;79.00;365.66;1391.24;117.12;213.65;3.47;78.03;0.00
"5022 Rennebu";0.91;1.99;1.51;0.79;0.04;0.03;0.03;6.19;0.00;0.47;0.32;38.76;411.08;318.81;134.91;6.50;0.00;25.63;0.00
"5025 Røros";1.89;4.01;1.56;1.65;0.06;0.06;0.10;8.54;0.00;0.50;0.20;29.88;774.68;731.96;179.94;19.38;0.00;202.12;0.01
"5026 Holtålen";0.63;0.94;1.36;0.40;0.02;0.02;0.04;4.03;0.02;0.45;0.22;19.78;285.04;660.54;193.97;0.79;0.00;41.25;0.00
"5027 Midtre Gauldal";1.68;1.86;2.89;1.34;0.09;0.03;0.05;9.27;0.02;0.36;0.51;58.32;763.60;655.20;303.80;2.35;0.00;59.13;0.00
"5028 Melhus";4.12;0.85;2.88;2.20;0.21;0.08;0.06;8.70;0.01;0.84;1.05;72.86;426.20;48.14;83.77;0.94;0.00;40.94;0.00
"5029 Skaun";2.19;0.44;1.35;0.27;0.09;0.03;0.03;3.39;0.00;0.21;0.62;33.13;156.22;1.49;13.10;0.05;0.00;11.61;0.00
"5031 Malvik";3.16;0.29;0.59;0.83;0.14;0.06;0.02;3.25;0.00;0.40;0.76;14.84;123.92;2.23;10.48;0.12;0.00;7.35;0.00
"5032 Selbu";1.42;1.63;1.74;0.82;0.08;0.03;0.04;6.88;0.00;0.37;0.36;38.43;509.62;419.74;150.94;5.06;0.00;97.69;0.00
"5033 Tydal";0.36;1.69;0.38;0.51;0.01;0.01;0.02;3.28;0.00;0.17;0.13;8.01;294.58;667.33;211.75;25.89;0.11;114.42;0.01
"5034 Meråker";1.19;1.28;0.64;0.56;0.03;0.03;0.03;3.30;0.01;0.56;0.27;11.97;368.60;571.88;218.80;7.60;0.00;87.20;0.01
"5035 Stjørdal";5.50;0.82;4.01;2.25;0.27;0.10;0.11;12.25;0.89;1.40;1.17;89.34;551.21;112.14;128.12;0.91;0.00;27.83;0.00
"5036 Frosta";0.92;0.46;1.39;0.51;0.02;0.01;0.03;1.99;0.00;0.19;0.33;23.63;41.12;2.17;1.20;0.35;0.00;2.17;0.00
"5037 Levanger";5.65;2.00;4.78;1.86;0.31;0.12;0.10;10.14;0.03;0.89;0.58;135.39;338.18;39.69;67.15;2.25;0.00;36.77;0.00
"5038 Verdal";4.08;1.18;2.92;3.24;0.18;0.08;0.09;8.51;0.04;0.92;0.78;87.96;606.04;533.70;218.87;4.18;0.00;75.11;0.01
"5041 Snåase - Snåsa";0.79;0.36;1.37;0.43;0.05;0.03;0.03;5.31;0.03;0.08;0.21;40.07;829.68;993.78;247.10;20.64;0.00;202.69;0.00
"5042 Lierne";0.64;0.95;0.78;0.89;0.02;0.01;0.02;6.53;0.00;0.18;0.15;16.70;1076.09;1054.33;415.83;52.76;0.00;335.82;0.01
"5043 Raarvihke - Røyrvik";0.18;0.34;0.23;0.31;0.01;0.01;0.01;2.01;0.00;0.12;0.12;5.11;401.13;746.52;116.66;56.54;0.12;255.33;0.00
"5044 Namsskogan";0.52;0.27;0.24;0.66;0.02;0.01;0.02;4.01;0.00;0.09;0.11;7.63;472.93;716.02;105.08;42.47;0.00;67.08;0.00
"5045 Grong";0.95;0.35;0.66;0.51;0.05;0.01;0.02;5.25;0.00;0.18;0.22;22.24;576.17;359.04;109.50;18.36;0.00;42.65;0.00
"5046 Høylandet";0.43;0.22;0.81;0.27;0.01;0.01;0.01;2.51;0.00;0.10;0.06;19.69;289.83;264.29;66.07;56.49;0.00;53.62;0.00
"5047 Overhalla";1.40;0.23;1.37;0.96;0.07;0.02;0.04;4.29;0.01;0.28;0.33;47.19;374.55;196.80;54.55;4.42;0.00;43.26;0.00
"5049 Flatanger";0.48;0.68;0.41;0.25;0.02;0.01;0.02;2.57;0.01;0.09;0.03;10.15;162.43;216.01;18.79;20.30;0.00;26.33;0.00
"5052 Leka";0.22;0.14;0.33;0.12;0.02;0.00;0.01;1.03;0.00;0.04;0.06;10.37;22.88;61.22;2.35;9.14;0.00;2.37;0.00
"5053 Inderøy";2.50;0.79;2.39;0.54;0.09;0.03;0.07;5.87;0.00;0.35;0.47;66.18;242.15;5.76;23.30;0.27;0.00;14.93;0.00
"5054 Indre Fosen";3.54;1.84;3.63;1.50;0.10;0.07;0.10;9.98;0.10;0.54;0.93;84.72;521.69;262.30;124.78;11.44;0.00;68.48;0.00
"5055 Heim";1.96;1.98;2.11;1.21;0.07;0.04;0.06;7.03;0.05;0.38;0.61;40.16;492.17;348.29;75.98;5.68;0.00;46.77;0.00
"5056 Hitra";2.38;2.02;0.82;1.25;0.07;0.03;0.06;6.60;0.03;0.30;0.80;23.74;218.99;328.71;113.54;13.31;0.00;39.82;0.00
"5057 Ørland";3.70;1.23;2.51;1.09;0.17;0.05;0.12;11.89;0.47;0.60;1.19;75.96;162.80;135.81;23.12;7.44;0.00;28.93;0.00
"5058 Åfjord";1.59;1.77;1.70;0.72;0.05;0.03;0.06;8.58;0.01;0.25;0.70;41.70;386.50;686.32;104.51;13.23;0.00;81.55;0.00
"5059 Orkland";5.71;4.38;4.67;3.82;0.23;0.11;0.19;16.09;0.02;1.10;1.85;109.38;971.68;435.71;239.88;15.98;0.00;95.28;0.00
"5060 Nærøysund";3.27;1.47;2.46;1.57;0.16;0.05;0.12;9.72;0.01;0.46;0.29;60.27;530.18;554.97;71.25;48.10;0.00;61.63;0.00
"5061 Rindal";0.65;0.98;1.18;0.28;0.03;0.02;0.02;2.80;0.00;0.15;0.05;27.12;215.01;275.64;68.80;17.25;0.38;21.60;0.00
"1804 Bodø";8.31;2.53;1.65;2.88;0.49;0.18;0.17;14.10;0.29;2.12;1.81;35.19;545.74;542.35;57.92;93.69;0.35;85.40;0.00
"1806 Narvik";5.79;3.45;1.21;3.71;0.26;0.10;0.15;12.01;0.34;2.43;1.95;24.16;835.81;1400.98;54.50;733.08;111.75;240.41;0.03
"1811 Bindal";0.56;0.42;0.71;0.24;0.04;0.02;0.02;2.70;0.00;0.14;0.19;14.02;387.48;626.84;22.24;134.70;0.05;73.64;0.00
"1812 Sømna";0.65;0.28;0.89;0.21;0.02;0.02;0.03;2.12;0.00;0.07;0.19;31.15;69.51;64.46;6.47;15.27;0.00;4.04;0.00
"1813 Brønnøy";2.56;0.79;1.13;1.91;0.08;0.03;0.07;4.95;0.00;0.29;0.52;36.28;292.09;459.76;21.96;174.25;1.06;48.34;0.00
"1815 Vega";0.63;0.44;0.42;0.19;0.02;0.01;0.03;1.57;0.00;0.06;0.15;17.06;13.65;106.97;9.90;9.95;0.00;2.29;0.00
"1816 Vevelstad";0.20;0.18;0.26;0.08;0.01;0.01;0.01;0.76;0.00;0.03;0.07;9.07;97.72;277.31;2.56;127.57;0.34;22.78;0.00
"1818 Herøy (Nordland)";0.86;0.58;0.18;0.21;0.01;0.01;0.02;1.05;0.00;0.09;0.19;11.67;4.14;38.91;1.59;3.82;0.00;0.85;0.00
"1820 Alstahaug";2.10;0.50;0.70;1.57;0.09;0.03;0.05;3.15;0.00;0.30;0.46;29.45;50.08;57.29;4.67;35.94;0.00;1.25;0.00
"1822 Leirfjord";0.85;0.50;1.00;0.35;0.03;0.02;0.02;2.77;0.00;0.11;0.37;24.87;124.01;207.80;20.62;66.14;0.00;15.87;0.00
"1824 Vefsn";3.50;0.81;1.68;2.27;0.15;0.07;0.07;9.05;0.10;0.83;0.79;37.48;674.33;847.93;70.09;180.55;5.48;93.75;0.00
"1825 Grane";0.56;0.71;0.49;0.43;0.02;0.00;0.01;5.61;0.00;0.13;0.18;9.65;705.00;856.49;111.61;176.39;13.66;123.20;0.00
"1826 Hattfjelldal";0.57;0.64;0.74;0.46;0.03;0.02;0.03;5.24;0.00;0.12;0.12;36.32;808.09;1252.48;144.50;146.79;14.71;273.44;0.03
"1827 Dønna";0.71;0.38;0.62;0.11;0.02;0.01;0.03;2.20;0.00;0.09;0.20;20.95;37.38;106.65;9.09;7.58;0.00;6.49;0.00
"1828 Nesna";0.76;0.39;0.37;0.45;0.05;0.01;0.03;1.72;0.00;0.13;0.09;15.44;57.54;83.16;3.19;17.76;0.00;2.24;0.00
"1832 Hemnes";1.69;0.93;1.27;0.85;0.06;0.02;0.05;5.14;0.01;0.17;0.26;24.72;531.95;638.39;63.69;104.75;55.69;159.13;0.02
"1833 Rana";7.11;1.60;1.53;9.87;0.24;0.14;0.14;14.53;0.02;1.75;0.91;32.93;1007.77;2239.28;100.35;553.53;226.52;261.82;0.03
"1834 Lurøy";0.88;0.85;0.26;0.28;0.04;0.03;0.04;1.72;0.00;0.10;0.04;11.08;73.80;131.28;5.10;31.44;0.00;7.73;0.00
"1835 Træna";0.19;0.05;0.03;0.07;0.01;0.01;0.01;0.18;0.00;0.02;0.01;0.67;0.00;12.50;0.27;2.37;0.00;0.12;0.00
"1836 Rødøy";0.63;0.55;0.25;0.16;0.04;0.01;0.03;2.20;0.00;0.06;0.05;10.22;142.32;334.86;10.66;134.21;48.25;26.57;0.00
"1837 Meløy";2.97;0.83;0.76;1.17;0.11;0.05;0.07;4.31;0.01;0.38;0.31;18.51;198.73;249.82;13.42;134.17;170.79;76.80;0.00
"1838 Gildeskål";1.04;1.76;0.33;0.76;0.05;0.02;0.05;3.10;0.01;0.12;0.09;14.81;189.96;330.56;11.42;62.76;4.37;43.39;0.00
"1839 Beiarn";0.47;0.59;0.55;0.16;0.02;0.01;0.03;2.17;0.00;0.09;0.02;12.53;308.67;632.46;14.95;145.37;60.29;43.25;0.00
"1840 Saltdal";1.82;1.06;1.26;0.97;0.06;0.05;0.04;5.43;0.09;0.25;0.26;14.04;519.92;1227.25;45.82;254.45;8.74;134.66;0.02
"1841 Fauske - Fuosko";3.82;1.03;0.75;1.24;0.15;0.07;0.03;4.62;0.04;0.61;0.92;19.93;300.21;508.36;36.49;121.03;106.05;104.45;0.02
"1845 Sørfold";0.75;0.61;0.62;0.79;0.03;0.03;0.02;3.18;0.00;0.14;0.27;8.49;435.66;592.27;30.26;357.95;34.59;171.62;0.02
"1848 Steigen";1.02;0.90;1.04;0.29;0.04;0.02;0.04;4.21;0.00;0.16;0.27;33.68;385.29;364.43;36.43;129.93;4.43;47.64;0.00
"1851 Lødingen";0.77;0.59;0.29;0.43;0.03;0.03;0.02;2.12;0.00;0.10;0.20;6.69;184.36;245.33;13.63;51.39;0.97;20.43;0.00
"1853 Evenes - Evenássi";0.58;0.61;0.49;0.23;0.02;0.01;0.03;3.65;0.64;0.11;0.23;8.91;149.49;45.55;18.58;11.61;0.43;11.55;0.00
"1856 Røst";0.25;0.05;0.07;0.11;0.01;0.00;0.00;0.25;0.00;0.03;0.05;1.40;0.00;6.17;0.09;1.04;0.00;0.59;0.00
"1857 Værøy";0.29;0.06;0.15;0.15;0.01;0.01;0.01;0.34;0.01;0.02;0.13;1.16;0.02;11.80;0.26;4.02;0.00;0.08;0.00
"1859 Flakstad";0.64;0.15;0.24;0.26;0.04;0.01;0.01;1.33;0.00;0.04;0.18;5.15;8.62;120.10;4.30;27.89;0.00;9.71;0.00
"1860 Vestvågøy";5.09;0.81;0.78;1.29;0.18;0.05;0.11;5.77;0.01;0.53;0.87;41.33;60.81;233.13;37.72;17.30;0.00;18.37;0.00
"1865 Vågan";2.41;0.67;0.67;1.08;0.11;0.04;0.08;4.23;0.02;0.84;0.66;12.06;133.56;216.77;28.76;56.54;0.35;20.13;0.00
"1866 Hadsel";2.97;0.68;1.14;0.76;0.10;0.06;0.07;4.79;0.03;0.25;0.61;25.22;213.64;211.34;29.41;57.10;2.22;16.19;0.00
"1867 Bø (Nordland)";1.29;0.75;0.32;0.50;0.03;0.02;0.03;2.75;0.00;0.16;0.25;18.79;68.57;98.67;30.02;12.56;0.00;12.03;0.00
"1868 Øksnes";1.85;0.42;0.36;0.52;0.04;0.03;0.04;2.37;0.00;0.17;0.40;10.46;93.44;132.98;42.63;24.17;0.00;9.72;0.00
"1870 Sortland - Suortá";3.32;0.66;1.35;1.41;0.12;0.06;0.05;5.37;0.04;0.73;0.42;28.30;298.75;217.51;75.73;62.47;0.08;25.93;0.00
"1871 Andøy";2.06;0.50;1.03;1.21;0.08;0.03;0.08;9.81;0.26;0.66;0.21;24.19;162.99;180.95;204.36;23.28;0.00;44.89;0.00
"1874 Moskenes";0.45;0.10;0.12;0.12;0.01;0.01;0.02;0.49;0.00;0.04;0.15;0.58;1.39;85.45;0.21;20.99;0.00;8.59;0.00
"1875 Hamarøy";1.38;1.37;0.75;0.51;0.05;0.02;0.07;5.11;0.00;0.14;0.36;15.93;637.75;750.60;42.56;368.66;9.47;185.91;0.02
"5401 Tromsø";12.24;2.20;1.47;4.31;0.82;0.29;0.21;15.83;0.19;2.73;1.94;34.45;623.50;1176.85;108.95;434.67;48.38;51.51;0.00
"5402 Harstad";6.19;1.08;1.31;1.85;0.29;0.11;0.10;6.16;0.34;1.15;0.75;28.10;206.45;114.36;23.06;37.23;0.00;17.42;0.00
"5403 Alta";6.19;1.45;1.59;4.16;0.34;0.13;0.09;10.44;0.39;0.85;2.27;29.97;799.59;2256.25;83.57;439.65;11.27;200.96;0.00
"5404 Vardø";0.59;0.24;0.05;0.61;0.03;0.01;0.03;2.20;0.05;0.16;0.20;2.19;1.74;515.31;44.37;17.71;0.00;15.39;0.00
"5405 Vadsø";1.94;0.69;0.17;1.08;0.11;0.05;0.04;3.36;0.05;0.36;0.50;10.84;89.80;945.95;88.65;89.03;0.00;25.45;0.00
"5406 Hammerfest";2.22;1.41;0.29;2.12;0.15;0.07;0.04;5.74;0.01;0.92;0.72;5.00;194.35;1902.19;96.74;341.90;2.82;136.07;0.00
"5411 Kvæfjord";0.90;0.41;0.69;0.25;0.06;0.04;0.03;2.91;0.00;0.11;0.09;14.49;202.92;184.07;25.17;64.10;0.69;16.02;0.00
"5412 Tjeldsund";2.28;1.22;0.99;0.60;0.10;0.03;0.07;5.32;0.16;0.27;0.25;19.54;343.32;258.11;35.62;101.41;4.41;40.67;0.00
"5413 Ibestad";0.61;0.48;0.47;0.14;0.08;0.01;0.04;1.75;0.00;0.15;0.10;10.15;117.16;64.51;10.16;27.16;0.72;7.41;0.00
"5414 Gratangen";0.35;0.32;0.70;0.12;0.01;0.01;0.03;1.78;0.01;0.22;0.25;5.50;122.22;128.64;13.73;29.75;1.25;7.88;0.00
"5415 Loabák - Lavangen";0.44;0.22;0.26;0.14;0.01;0.01;0.01;1.14;0.00;0.06;0.03;4.60;103.67;136.04;16.04;32.58;0.50;5.78;0.00
"5416 Bardu";1.70;0.52;0.59;0.71;0.08;0.04;0.04;5.19;0.95;0.52;0.31;17.86;633.53;1488.19;83.50;263.98;16.14;190.02;0.03
"5417 Salangen";0.87;0.46;0.62;0.32;0.02;0.02;0.03;2.75;0.05;0.13;0.24;12.63;218.06;162.09;21.69;17.30;0.28;20.51;0.00
"5418 Målselv";3.02;0.90;2.19;1.63;0.17;0.06;0.07;12.80;1.45;0.60;0.35;36.09;997.14;1703.31;94.79;329.90;17.21;120.68;0.02
"5419 Sørreisa";1.35;0.29;0.57;0.48;0.03;0.02;0.04;2.81;0.04;0.14;0.30;9.27;192.91;105.29;23.27;8.83;0.48;15.01;0.00
"5420 Dyrøy";0.51;0.42;0.61;0.27;0.02;0.01;0.03;1.63;0.00;0.15;0.25;8.91;156.94;79.32;17.39;10.21;0.20;11.79;0.00
"5421 Senja";5.63;2.26;2.11;1.85;0.26;0.10;0.17;11.26;0.03;0.98;0.69;42.03;829.35;691.30;144.73;124.56;0.33;88.01;0.00
"5422 Balsfjord";2.45;1.51;2.50;1.47;0.07;0.05;0.09;9.19;0.01;0.34;0.64;54.22;609.90;531.67;62.16;156.99;4.76;58.95;0.00
"5423 Karlsøy";1.16;0.88;0.45;0.44;0.03;0.02;0.03;3.42;0.01;0.14;0.30;9.99;239.64;662.20;33.42;98.49;0.18;42.37;0.00
"5424 Lyngen";1.42;0.36;0.72;0.48;0.04;0.02;0.03;2.57;0.01;0.19;0.35;18.61;172.01;206.23;22.82;308.26;59.43;18.91;0.00
"5425 Storfjord - Omasvuotna - Omasvuono";1.00;0.36;0.39;0.98;0.03;0.04;0.03;3.48;0.01;0.20;0.47;9.59;269.00;737.36;8.58;433.61;10.87;66.75;0.02
"5426 Gáivuotna - Kåfjord - Kaivuono";0.98;0.11;0.56;0.23;0.04;0.04;0.03;2.56;0.00;0.11;0.32;12.65;125.70;399.21;3.60;399.08;3.79;42.14;0.00
"5427 Skjervøy";0.83;0.32;0.19;0.38;0.05;0.02;0.02;1.56;0.00;0.08;0.19;3.92;66.75;300.13;12.73;75.09;2.79;9.55;0.00
"5428 Nordreisa";2.28;0.53;0.85;0.70;0.09;0.04;0.05;5.38;0.00;0.31;0.12;22.59;650.72;1971.55;95.42;574.50;8.21;103.48;0.00
"5429 Kvænangen";0.68;0.44;0.56;0.40;0.02;0.01;0.03;3.11;0.00;0.09;0.03;8.70;323.73;1242.59;37.33;367.32;20.38;103.83;0.00
"5430 Guovdageaidnu - Kautokeino";1.59;0.30;0.10;0.79;0.09;0.02;0.03;5.28;0.02;0.40;0.13;4.67;3533.54;3858.07;1553.50;6.52;0.00;742.19;0.09
"5432 Loppa";0.46;0.20;0.10;0.09;0.03;0.01;0.01;1.09;0.00;0.06;0.11;2.04;66.54;348.03;7.18;206.31;38.72;18.25;0.00
"5433 Hasvik";0.43;0.12;0.06;0.29;0.03;0.00;0.01;1.15;0.00;0.11;0.10;1.27;12.05;449.85;4.80;63.00;0.00;22.13;0.00
"5434 Måsøy";0.38;0.40;0.07;0.16;0.04;0.01;0.02;1.46;0.01;0.11;0.05;1.63;9.98;884.94;15.18;154.14;0.00;68.53;0.00
"5435 Nordkapp";0.65;0.29;0.04;0.58;0.05;0.01;0.02;2.37;0.01;0.20;0.15;0.76;5.12;704.83;26.71;149.71;0.00;35.05;0.00
"5436 Porsanger - Porsángu - Porsanki ";2.04;1.02;0.83;1.65;0.08;0.04;0.05;9.25;0.51;0.60;0.23;15.16;1009.31;2894.35;232.70;471.05;0.00;235.86;0.00
"5437 Kárásjohka - Karasjok";1.17;0.24;0.47;0.60;0.04;0.05;0.04;4.48;0.01;0.36;0.16;10.60;3262.48;1368.85;554.57;6.97;0.00;241.85;0.00
"5438 Lebesby";0.40;0.38;0.14;0.63;0.02;0.01;0.01;3.61;0.00;0.05;0.16;3.11;330.66;2303.95;65.57;522.72;0.16;228.81;0.00
"5439 Gamvik";0.37;0.16;0.12;0.23;0.02;0.00;0.01;1.54;0.01;0.10;0.35;1.09;29.11;819.35;45.69;452.62;0.00;65.75;0.00
"5440 Berlevåg";0.35;0.28;0.03;0.44;0.01;0.01;0.01;2.30;0.00;0.15;0.07;1.03;14.43;650.08;18.91;394.42;0.00;39.27;0.00
"5441 Deatnu - Tana";1.43;0.50;1.15;2.69;0.05;0.05;0.04;6.21;0.01;0.57;0.08;33.12;1123.05;2153.00;205.48;314.19;0.00;209.72;0.01
"5442 Unjárga - Nesseby";0.53;0.26;0.17;0.34;0.01;0.01;0.02;1.98;0.03;0.13;0.26;7.54;432.01;788.87;129.37;4.92;0.00;70.84;0.00
"5443 Båtsfjord";0.51;0.30;0.06;0.31;0.02;0.00;0.01;2.02;0.01;0.06;0.22;0.28;10.65;928.10;8.18;465.56;0.00;18.85;0.00
"5444 Sør-Varanger";3.20;1.77;0.81;11.49;0.17;0.12;0.07;10.15;0.47;0.51;0.36;15.66;1540.68;1532.40;301.93;40.60;0.00;511.59;0.01
